trial,elapsed_s,loss,status,seq_len,horizon,momentum_window,vol_window,cma1_short,cma1_long,cma2_short,cma2_long,cma3_short,cma3_long,hidden_size,num_layers,dropout,lr,weight_decay,outlier_weight,variance_penalty_weight,batch_size
1,13.271,7.630679680927365,ok,30,15,19,4,3,35,5,26,56,145,34,1,0.36862662739623286,0.0014360572864951882,9.538444452266485e-07,5.322274516746651,2.9665054814243637,107
2,15.535,12.332898283605095,ok,17,9,4,24,13,14,11,35,37,67,33,2,0.38493688619231425,0.0033244423483981466,2.4298792643373804e-06,8.413988336237088,1.7244735059974348,85
3,41.416,12.772818321228028,ok,67,5,27,13,3,19,9,50,35,132,50,1,0.08269163170883476,0.0005994122619064435,3.580851502545746e-05,11.24632656907961,2.082990265659335,81
4,61.932,13.07449109094664,ok,57,19,22,27,9,33,17,19,49,97,46,2,0.06362606104560908,0.0036150782201555343,3.146387686844152e-07,10.84337986803364,3.50388955826537,28
5,51.255,17.116930913586987,ok,32,17,25,13,6,27,17,15,55,206,52,2,0.3118236946179007,0.009524852847367626,0.006842359197659092,14.238841302800974,4.797612575649392,91
6,78.753,12.70403783106118,ok,49,19,20,11,9,21,17,17,34,73,39,2,0.4063834783573318,0.0002785666649790166,4.917139198851575e-05,10.780754418480077,4.326591950198179,78
7,87.236,13.804049270077927,ok,25,9,10,25,13,17,17,34,32,197,112,2,0.49195157767384334,0.004224733561811902,8.44863960069423e-05,12.806635027727925,0.513655996531023,41
8,103.237,5.731983600670813,ok,81,20,13,24,14,16,16,35,49,186,69,2,0.1983247868783378,0.00034345120535802766,1.4084815330103164e-07,4.973303940224422,0.13575590951600924,58
9,8.631,9.091195267907965,ok,15,16,28,24,8,22,19,50,45,88,15,3,0.3072506254152157,0.00010874623778780117,1.0984844677283903e-06,6.124849643037762,2.7232896208045094,95
10,3.076,6.678519718230716,ok,15,3,30,0.005775439114298959,4.9731397496224945,1.291149633030366
11,5.107,13.032129924766586,ok,22,22,36,0.0008347993509821335,9.911368073976792,2.8467340042847917
12,5.364,4.868762340203699,ok,26,14,40,1.4818602816474777e-08,3.94274179498864,0.21039636930268646
13,5.468,5.506609566183204,ok,13,27,49,2.060389775494509e-08,2.943061192324164,1.768508984205894
14,5.132,3.86335093256027,ok,5,18,76,2.8276356197913558e-08,1.530509558711195,1.5673433649637014
15,9.73,13.091435258350675,ok,15,2,92,4.405703329727627e-08,12.40572261895475,0.6266723350981509
16,10.144,6.818072424466866,ok,25,17,95,1.717595752551807e-05,4.352595730758907,2.0232205386863846
17,5.119,17.2408053860806,ok,12,3,71,8.68307464762629e-06,13.761500660505437,3.6265274710303115
18,10.676,16.677306982916345,ok,20,4,114,2.034295303691049e-05,13.604900015606948,4.586727400193247
19,10.857,15.21685472302598,ok,9,23,118,0.0002506140327587944,14.985057560356239,0.5412647425092727
20,11.703,12.384093423565467,ok,30,19,90,5.307979329040737e-07,7.773275691951475,4.439994491412162
21,12.079,18.50896984515804,ok,14,6,87,0.00015321488006044215,14.122903968779209,4.256538031778522
22,6.906,15.12100483122326,ok,19,19,101,6.333718871903798e-06,11.377835599715233,3.861499596404294
23,7.15,9.676685814829042,ok,21,9,115,0.0004781666326245287,5.874312126473096,3.44875814405016
24,3.403,7.420871267280731,ok,9,27,30,6.548202913594575e-07,3.721803185644082,4.964622848156323
25,4.508,10.631313986987232,ok,28,7,37,0.0005053522775915677,9.644225971156589,0.7412356125356374
26,5.392,11.670966712602107,ok,24,26,75,2.820122037555e-06,11.089872787804937,0.48403311234303814
27,6.259,16.096787756740458,ok,10,10,54,0.0011580918095909782,13.415049344179433,3.5580024830562476
28,6.081,2.121515915181377,ok,14,13,56,3.934490977445787e-08,0.25514612357395006,1.0061703876445076
29,7.18,14.186657042730422,ok,6,15,109,1.0256641890851342e-06,12.681522833430666,1.6282785201596375
30,4.897,7.363355192055265,ok,16,26,62,0.0040717716671218075,3.3327245062131627,4.7537753341476705
31,4.451,11.88290731191161,ok,24,22,33,4.70783935296202e-06,10.785021003809131,0.7771108608969386
32,9.422,17.179025923588362,ok,12,28,104,1.8745659183014351e-07,14.408773412716911,2.936437423958067
33,13.592,4.830469525049603,ok,17,7,100,0.0028918254442538236,1.8279277690223523,2.1035046059592917
34,1.738,5.633943186338204,ok,27,4,12,2.9265111081980554e-05,4.732424413085644,0.28053015360780753
35,1.783,15.54260571164439,ok,5,29,26,8.291956324161836e-07,13.102238236103567,2.658101313162777
36,5.729,11.363803015077565,ok,23,9,86,7.083757888968018e-05,8.928044805336885,2.3522079812664947
37,4.625,13.989253977070684,ok,7,4,48,0.0032479345124417263,11.866399504533115,2.265543209199988
38,9.102,4.926084324095406,ok,11,21,126,0.0003902330562408449,0.8230361621338051,4.520644249125096
39,4.485,14.992013338552528,ok,18,25,44,1.4160374204865254e-06,11.722501335454389,3.264759223283921
40,1.783,10.689793223426456,ok,15,16,26,3.5395273789132076e-06,9.164403223075086,1.3863675342719817
41,15.088,8.967516259218067,ok,24,20,121,0.0001801690241350756,7.484182497184184,0.9332263067945143
42,13.951,7.583702897268628,ok,6,17,117,4.840857973927683e-05,7.1280232645748205,0.01299954336135034
43,1.642,13.737779609770643,ok,3,6,18,6.074775735294423e-06,10.734038693540194,2.7414258549960477
44,1.739,11.755380146087163,ok,16,8,21,5.837840544428659e-08,6.830195016242934,4.846911202256786
45,2.802,4.7745878193008,ok,26,24,15,0.009090286227092726,1.1481036422155109,3.9618870528922976
46,4.662,3.532036995081968,ok,6,22,58,7.987881189957717e-05,2.261306822227634,0.33720420106000004
47,1.454,11.82330775213526,ok,3,24,23,1.707341092870029e-06,8.290407178523655,3.116091477055564
48,4.516,15.920996240410672,ok,28,10,50,1.331021985452986e-05,14.664673407904736,1.4796292615452542
49,17.132,13.27982814335587,ok,11,12,92,7.542464631492685e-08,10.323612223017395,2.5549986705028482
50,5.225,4.31173892381414,ok,23,19,40,0.0013399334382016206,1.4914080082686398,2.4281267453454993
51,2.137,4.057600764219394,ok,7,30,9,8.309947618712868e-08,0.0390046601106091,4.0904456220828145
52,10.066,17.6854835031517,ok,8,28,73,0.007685090464254687,12.859742855176409,4.7061226475650475
53,4.506,7.083626310188932,ok,8,28,57,5.3015024242761925e-05,4.007857296421683,2.219358819216132
54,1.855,8.085883036077735,ok,29,18,11,1.2238661844198699e-05,6.012869687812497,1.7022589823855214
55,8.05,12.118278244617683,ok,17,23,79,2.1143565700251444e-06,7.564485406928788,4.030015886784272
56,4.588,11.220403347393074,ok,4,11,45,3.598551478160823e-07,8.18148891971756,3.2077098078182384
57,4.453,6.705619596299671,ok,19,12,60,2.3031902462330811e-07,5.056983790635485,1.2060179104301625
58,11.745,8.801808235432842,ok,10,8,125,3.3298673333870585e-05,5.629697655435841,3.7917930245572666
59,6.936,7.077046101786701,ok,8,25,83,1.6532573074866482e-08,3.1928175866714863,4.247987673288545
60,8.76,5.766336287466243,ok,21,14,67,4.0812118849740093e-07,2.234874735391047,3.410693213548977
61,15.983,4.071992011297317,ok,13,15,112,0.00010889698858356856,0.5760605607398848,3.6911326536887072
62,7.648,7.304546026775898,ok,22,16,65,0.0018603618313776965,6.591945783179813,0.16415915434683281
63,13.584,13.325067292624865,ok,21,12,97,1.580114992048513e-07,8.501265395961553,4.34777452667257
64,1.072,6.969700327907425,ok,26,21,16,1.1477990168621169e-08,5.354352750787195,1.0886298625238355
65,5.224,5.246284788823223,ok,25,8,108,0.0006364068109076953,2.570233627421845,1.8919182465745978
66,3.739,13.333245201716347,ok,19,10,81,0.0023521206366425625,12.205650140164916,0.878558006929854
67,3.306,11.74176071934491,ok,29,5,70,0.0002952897746530393,9.493252638688112,1.9417398591513972
68,10.332,10.334394674452524,ok,18,13,123,2.909080553162321e-07,6.496412613527651,3.0473590502779557
69,4.931,13.685885676349777,ok,29,29,103,1.0856137434068843e-07,10.003864154132216,2.82487951571059
70,1.726,10.676135764179001,ok,22,29,9,5.21383400475167e-05,8.505032483608622,1.974399949400987
71,5.474,8.727261842837628,ok,21,9,39,5.1821112333233674e-08,7.773275691951475,0.5382762171557542
72,5.558,10.860113310435462,ok,19,17,47,3.934490977445787e-08,9.261437901577258,1.1482187445012804
73,6.79,17.023569606599352,ok,14,18,83,9.882057825265815e-06,14.122903968779209,3.645181137174786
74,7.479,13.356612019700037,ok,17,20,92,1.3923339526630246e-05,9.356146272960137,3.8115131225048
75,7.739,5.23886450147534,ok,13,23,95,1.3738272671203523e-08,4.352292855808372,0.20683330612550144
76,8.396,18.27549363509798,ok,9,23,118,8.88326241488459e-06,14.985057560356239,4.32216623434182
77,6.712,13.6140691634452,ok,13,12,71,2.4008891240373183e-05,9.369210721717973,3.713061884541817
78,9.626,15.654567744892105,ok,5,4,80,0.0003855851668717023,13.604900015606948,3.0509332815524943
79,11.48,12.753015036611387,ok,20,14,94,8.438330406902614e-08,8.71425569832269,4.953395785328829
80,12.729,8.122637362707229,ok,15,16,119,6.391396135367882e-08,4.9731397496224945,3.0698831996796305
81,4.915,9.528629731659843,ok,11,13,37,0.0005053522775915677,8.804047598383606,0.40828539941187003
82,8.026,12.36046302129352,ok,19,7,37,1.5574830692862192e-08,10.610955000493917,1.9461523584589424
83,9.769,15.549153431807413,ok,14,7,81,3.8770244331638394e-05,11.817789578927805,3.44875814405016
84,8.002,14.685906742586948,ok,4,12,123,0.0011580918095909782,13.415049344179433,1.2947764243308935
85,11.084,1.2876576519391645,ok,21,14,51,2.4666588107404446e-07,0.21572169108127515,0.01299954336135034
86,11.082,7.559698589234484,ok,4,6,83,0.0010537019092849772,3.3946724156915176,4.964622848156323
87,5.917,7.143891653053374,ok,5,9,58,4.505705817073125e-06,3.714219225962007,2.9443343832826474
88,7.542,7.159886723472958,ok,19,17,101,7.56692583479219e-08,3.53242629119294,3.78365083534284
89,6.506,17.5300505956014,ok,16,12,74,1.8745659183014351e-07,14.934466642483251,2.936437423958067
90,7.797,9.734304044351159,ok,24,26,115,2.820122037555e-06,7.915161993325425,1.159584799746138
91,2.306,12.458758717491513,ok,15,11,26,0.0003283613707689981,9.164403223075086,3.454419882754114
92,6.49,4.375054172005984,ok,11,13,40,7.036690418740128e-07,0.9044447422099102,3.6710225911569476
93,14.516,10.899739992050897,ok,17,7,100,2.3618525157279704e-07,7.210001719732465,2.984259384438797
94,15.833,6.952519472266286,ok,16,20,121,6.061665083948659e-07,4.691669838155311,1.4207563433680037
95,6.578,6.397079545818641,ok,4,30,64,5.352862100587926e-06,3.2217169705892506,3.3704015016276228
96,5.673,9.411409144382553,ok,26,8,87,5.970787957855973e-05,5.629697655435841,3.485679029459046
97,5.664,6.0055319314922535,ok,7,24,37,4.3493950023688323e-07,2.4134722677045346,4.022070298387367
98,10.36,3.943403781406463,ok,16,12,54,0.0001952544621986256,0.9835794755356941,2.965791095197341
99,4.559,3.048614785222724,ok,14,11,34,0.00010889698858356856,0.5760605607398848,1.9149845458117931
100,4.71,4.5034732249811675,ok,21,14,44,2.1433841497687321e-07,2.8385049621861054,0.8671142465068908
101,10.732,13.852707787165565,ok,15,18,68,1.771957513593238e-06,8.928044805336885,4.648882269862886
102,1.629,3.73010224423873,ok,20,24,16,4.5368788021230136e-07,1.421510305962511,1.5979537387880272
103,2.721,3.432205741367643,ok,8,17,15,1.3301860995574716e-06,1.1481036422155109,1.9604094773005825
104,11.679,9.861832813998577,ok,24,19,89,3.0946691795191976e-06,5.5968392763357535,4.298669350178187
105,7.305,7.308317105608633,ok,19,28,119,5.382433248988736e-07,5.128579171582355,1.6314085637387288
106,1.375,11.887011558290512,ok,19,8,21,8.654448783072237e-08,6.830195016242934,4.846911202256786
107,10.93,5.220283050461119,ok,22,29,126,0.00024074474255424328,1.7467124105163867,3.247544648537237
108,11.007,11.433785187868262,ok,3,8,126,0.0003902330562408449,9.6554279565089,1.4685814030722333
109,1.894,9.608665643824208,ok,12,2,23,7.953482270102354e-06,8.290407178523655,0.8486421428846158
110,1.654,4.197969006921003,ok,4,30,10,0.00047273256273059233,1.0027023323981172,2.4899159933155097
111,7.397,10.379413790750032,ok,11,4,122,6.074775735294423e-06,7.725571040396655,2.7414258549960477
112,4.948,16.012375468299503,ok,15,3,50,1.331021985452986e-05,14.664673407904736,1.4796292615452542
113,5.151,11.357456429104207,ok,23,20,52,0.00012217453945572836,8.989531742091566,2.4281267453454993
114,5.453,11.241628698783346,ok,9,12,63,4.205342506333179e-05,7.054498194579657,3.3388029580157648
115,1.174,2.262380744780508,ok,22,7,9,0.00017015114401230846,1.1298856256307817,0.16126815054152077
116,4.913,3.281199928780436,ok,20,12,45,1.1388606965732194e-08,1.3445075457797095,1.238241155377774
117,2.026,8.085883036077735,ok,29,18,11,1.2238661844198699e-05,6.012869687812497,1.7022589823855214
118,10.275,7.114889788863683,ok,12,5,124,7.795316281172184e-05,4.129323201777902,3.007225516853451
119,9.632,9.710684940277824,ok,8,4,106,1.0229580517562496e-06,8.374869659032615,0.8892491898961428
120,9.225,6.999762141515339,ok,6,17,65,2.2197261356882304e-07,4.007857296421683,2.219358819216132
121,6.57,7.6794746943882535,ok,19,10,81,0.00015770207864587428,7.104462253473683,0.07666754617091964
122,7.204,5.705295239209659,ok,4,3,71,5.1691519380955675e-08,3.176441531292748,1.5992110156152175
123,6.02,14.452176082656678,ok,22,25,81,0.0006559422556388991,14.41380220393237,0.16415915434683281
124,4.07,10.91821661449614,ok,19,12,60,2.3031902462330811e-07,10.699208381894971,0.14485068463012452
125,13.19,5.538664738337199,ok,16,7,121,6.397899984420887e-07,2.510355483551715,2.501797231077803
126,6.081,7.7928390711902145,ok,17,28,105,1.448592895519147e-08,6.496412613527651,0.6869745795723201
127,2.256,3.891941705707527,ok,16,23,20,2.5782391533223517e-06,2.570233627421845,0.5431126785879659
128,2.967,9.962072604205979,ok,25,3,75,6.602874683355398e-07,8.546529450742042,1.0886298625238355
129,9.019,3.3743096476509455,ok,17,14,108,2.965972533083585e-08,1.6394474661487717,0.7385594241558793
130,3.449,3.4262091146548745,ok,21,10,15,5.1821112333233674e-08,2.1242586747992585,0.5124816459460639
131,4.786,16.771115409003365,ok,15,4,40,3.854566282518137e-08,12.533103368155611,4.808063792166416
132,4.785,4.960551360296825,ok,15,4,40,1.4818602816474777e-08,3.94274179498864,0.31222137486962076
133,1.729,5.390921494317433,ok,19,19,9,1.6322613528911e-05,2.943061192324164,1.768508984205894
134,5.424,14.741183035877121,ok,26,23,50,2.866232614792515e-06,12.742048523754935,1.974399949400987
135,5.921,10.708189969982351,ok,20,11,74,5.708314382774129e-05,10.062973305028589,0.5307107242132503
136,6.116,14.986988688272143,ok,15,12,83,4.474116225261862e-06,12.40572261895475,3.1096836687835463
137,6.79,5.37507970148242,ok,21,8,53,3.5117059108132615e-08,1.097873968942407,4.515139367464059
138,2.556,5.6288358525300835,ok,22,9,30,1.9827516745830723e-07,2.662036674934442,3.0339644791066838
139,4.44,6.805835882822673,ok,17,14,42,1.342359609595957e-07,5.568960177006928,0.7657995967054663
140,10.037,2.7890446155378132,ok,13,6,115,1.3738272671203523e-08,1.2036857958530236,0.6124382998369449
141,10.102,5.530312950047063,ok,21,2,118,1.2179656360704013e-07,4.35824112087694,0.5412647425092727
142,10.289,3.19415028052586,ok,24,3,62,2.302819632289781e-07,0.7597335552034767,2.2222047883574936
143,4.58,10.723496739826505,ok,18,13,56,3.022513139058996e-07,9.966356798890168,0.6368778209381469
144,1.392,2.3537284041207935,ok,19,18,15,6.764390369755257e-07,1.2771545483412323,0.15053074283844792
145,1.411,14.802930822429316,ok,17,21,13,0.0005053522775915677,12.05789829373234,2.5444262758712286
146,4.703,9.316904670912514,ok,24,22,49,7.145105870810774e-07,7.581650174938153,1.2808356241794103
147,7.03,14.791693101583371,ok,21,9,115,2.0189266547340443e-08,12.953352044974647,1.7047390082130487
148,9.368,9.60596906119739,ok,19,21,101,2.29914496966081e-08,5.759205133562329,3.78365083534284
149,9.239,12.7134472209938,ok,24,12,71,2.9576683253534748e-08,9.369210721717973,2.7060188288564917
150,4.912,3.507993149378943,ok,18,18,47,3.175420313423703e-05,2.0331771843947015,0.5239520509861015
151,5.793,8.974126952305939,ok,15,20,39,0.0024950347032911433,4.691669838155311,4.704399531707423
152,5.446,11.531409235114594,ok,27,18,62,7.565824042874624e-08,11.168954639446138,0.35080458722503804
153,5.768,5.354216872342302,ok,22,13,40,7.036690418740128e-07,1.3022370459406698,4.963127742264351
154,12.463,17.81388305906747,ok,24,20,123,6.662598745777281e-07,13.415049344179433,3.875409001695596
155,6.134,2.698987791797902,ok,11,11,89,4.3222314465500286e-08,0.9835794755356941,0.6827138710308223
156,4.946,8.33898479150111,ok,25,13,64,1.4511306784313015e-05,7.899399713247671,0.1522431913286244
157,3.312,2.4437209087539005,ok,28,19,20,1.0555484012237299e-05,0.20270463459273813,1.8143290849755171
158,1.667,13.703141015282208,ok,15,24,22,1.0428630595491313e-08,10.532351477953558,2.8325946682230496
159,6.171,5.417634044510435,ok,29,9,54,0.0003902330562408449,3.431031339673675,1.5147258394504197
160,2.457,11.180925074662312,ok,11,11,24,2.291512708132555e-05,7.725571040396655,4.243032759493898
161,6.272,7.13779470697786,ok,20,18,64,1.2943748561906783e-07,5.5968392763357535,1.2022593546966758
162,5.799,6.224905211382573,ok,11,13,86,1.5155796896971612e-07,5.575904769246909,0.08856925304694485
163,1.457,3.6446887992677235,ok,8,17,14,0.0002347117998623326,1.1481036422155109,1.5822728826672883
164,1.705,7.662292596353478,ok,12,25,10,7.795316281172184e-05,4.129323201777902,3.005455836981514
165,4.491,4.931321443073333,ok,19,12,44,2.1433841497687321e-07,2.8385049621861054,1.41192474096768
166,4.675,5.797742294600285,ok,27,4,45,1.9640402713199047e-06,4.718462263910478,0.4218544821925252
167,8.818,4.901529763375314,ok,22,9,37,4.3493950023688323e-07,1.537313142137327,4.022070298387367
168,5.34,3.251925684717804,ok,6,4,81,0.00016565277237306445,2.261306822227634,0.10850047637770821
169,10.708,9.985757903447228,ok,16,17,78,3.5395273789132076e-06,9.164403223075086,0.5003776148737233
170,5.803,2.8939539035319335,ok,23,7,48,1.1567066931612175e-05,0.8979235985417757,1.182843299520811
171,2.08,10.36063305694278,ok,12,2,30,3.498384158134265e-07,8.290407178523655,2.1314885870171296
172,7.73,6.387944270317882,ok,6,20,65,1.130104058398131e-06,2.916952787734706,2.8097405499661967
173,4.457,10.847802043672111,ok,23,4,40,4.1359522982729417e-07,7.37572847516434,3.425030433315894
174,9.42,4.8649606134787025,ok,26,27,71,5.895671078881894e-05,1.6922544143554399,2.4192498501661164
175,1.726,5.575076945496364,ok,20,13,25,1.1388606965732194e-08,3.339369452050123,1.5129383804752052
176,1.278,16.272614171305502,ok,22,27,11,2.6602120366156007e-07,14.683793341798497,1.9318406856840347
177,1.479,8.34785873291502,ok,25,5,21,2.889840633746823e-07,6.496412613527651,1.3362934257353087
178,6.056,5.76406358915662,ok,16,9,57,0.00047273256273059233,2.659060090396676,2.2116772902510773
179,16.464,14.682093116919516,ok,22,20,126,6.40421082975954e-07,14.466482693519712,0.3471924438473324
180,4.199,7.544318788080101,ok,29,7,55,3.0169183225377295e-08,5.056983790635485,2.1075559125514527
181,9.867,7.9557252269488545,ok,9,9,116,1.8887034517482705e-08,7.054498194579657,0.383616997280114
182,12.583,13.392184870583671,ok,12,18,101,8.751135307908254e-05,10.616298114080973,2.4993467290560187
183,8.335,5.983060305661494,ok,10,5,78,6.125315574788185e-05,2.454247331138326,2.8280176387402167
184,8.204,5.102953479019832,ok,22,3,46,6.393840616803436e-08,1.7413030343768199,3.412996398906527
185,3.035,2.6262227448809194,ok,16,26,44,1.242582975137779e-05,1.1818441832411093,0.4719873795192959
186,3.016,2.000797625571962,ok,17,12,48,2.965972533083585e-08,0.595584236984922,0.36696875296775033
187,3.293,7.654337988959418,ok,16,12,69,7.186075090782884e-05,6.365955666416244,0.752760255848623
188,2.76,15.034389093102687,ok,26,3,63,2.143700453324575e-05,13.072328126360825,1.8040001581796525
189,5.788,10.142713531615241,ok,19,10,88,3.645446733290525e-07,7.104462253473683,2.3828838669853885
190,1.804,3.3645819971760904,ok,23,29,9,1.373996162983666e-07,1.141499834711615,1.3695743531495186
191,1.913,13.409533409664693,ok,17,21,31,2.4666588107404446e-07,13.634713378722964,0.01299954336135034
192,3.1,15.328706144101577,ok,20,10,15,5.2918402450267257e-08,12.306919352374726,4.269742315072718
193,3.149,3.7158127076555005,ok,7,10,15,5.1821112333233674e-08,2.1242586747992585,0.9519184867687676
194,2.278,7.557944199003546,ok,25,20,32,2.8838168733286104e-08,3.4778942082427253,3.9897159462665
195,4.242,13.504245872041619,ok,26,23,40,5.376764158280343e-07,10.142126829021857,3.510485941897455
196,5.421,7.029585317786471,ok,25,25,80,1.3617257114140566e-08,4.064448118068293,3.0509332815524943
197,5.886,4.076404362857932,ok,13,12,38,1.3738272671203523e-08,1.740709926745021,1.8428123451385692
198,6.131,12.971174122561992,ok,22,14,92,1.533155375553021e-07,12.831122431564319,0.15942397604296055
199,2.136,15.07441785937512,ok,23,19,8,0.0028918254442538236,14.308812057700832,0.7552010789653594
200,6.732,8.801257800866312,ok,21,15,118,1.3927627501231878e-06,8.446898908380703,0.028853306464839967
201,2.153,14.41265479312,ok,25,12,31,5.173203921343452e-07,13.415049344179433,1.354546116234356
202,7.631,3.402832543636648,ok,11,21,83,2.302819632289781e-07,1.2215777209383925,1.5037000549946864
203,2.452,2.6522919970525662,ok,20,20,31,3.475898164534603e-07,0.8944033739697099,0.905095693032834
204,5.63,2.092053891650251,ok,20,18,56,2.031875685996426e-08,0.25514612357395006,0.8609713371287713
205,8.918,13.672135356865306,ok,12,9,92,4.7280779451512754e-07,9.568957343694983,3.8458493476179374
206,8.714,4.207360619590396,ok,17,17,101,3.933868846107108e-07,2.8110376411712945,0.5119636347720122
207,5.55,7.406285235706428,ok,21,18,59,1.791024533692102e-05,5.637525824671158,1.0354967124828245
208,5.635,15.829644082084535,ok,16,17,54,3.8608202974234984e-08,12.213131505819945,4.519908482946427
209,6.903,4.008181939049373,ok,15,9,55,2.8009771189192867e-06,2.6650609806095273,0.5697263472227176
210,10.653,4.31862121737501,ok,20,20,50,1.6322613528911e-05,0.8332850364669717,3.6044660952604883
211,1.482,14.360884183906464,ok,26,12,12,1.348276777680934e-07,14.184445166234955,0.5003776148737233
212,8.212,6.059531910519003,ok,23,18,62,7.565824042874624e-08,4.732449572661394,0.8391425416021525
213,3.257,14.461758165245513,ok,25,19,15,1.2532170132626521e-06,11.081670433778966,4.799583448210455
214,6.147,3.040826880742633,ok,16,7,87,3.1157020264681378e-06,0.878251840135011,1.5200309500240559
215,11.963,17.285364223047942,ok,16,20,77,6.061665083948659e-07,14.400178212286882,2.5143049548202265
216,12.051,4.123765820774359,ok,21,15,85,6.764390369755257e-07,3.2070422273494668,0.13400572382344578
217,9.677,13.863150885754504,ok,22,20,66,7.036690418740128e-07,14.007881936786092,0.11802619601057174
218,1.624,1.8648854308869258,ok,23,29,16,7.761369789811386e-08,0.2346494296115118,0.6307735061298532
219,5.804,3.8099235376350493,ok,4,7,42,8.4831464485118e-06,2.66281799197309,0.3722380619251364
220,1.439,2.067119551844806,ok,29,21,14,1.906354835417661e-06,0.5124307400408341,0.5180016972279642
221,5.699,4.55889256194856,ok,24,14,80,1.6468094821436623e-08,1.888379872402397,2.381691467471831
222,8.098,4.160189616277251,ok,20,12,72,5.285543151772711e-05,0.8230361621338051,4.520644249125096
223,3.095,3.9874218759082614,ok,13,16,24,1.3301860995574716e-06,1.1481036422155109,3.4347622069271915
224,6.008,3.193259342258195,ok,26,12,48,0.00011783764337660608,0.3445688178993995,2.8528070231230322
225,4.54,5.995646916137301,ok,23,14,44,1.748035121787988e-08,4.910684775524879,0.4664369236098427
226,5.88,8.403750810965123,ok,25,14,87,4.2789783434489217e-07,4.727719584353386,4.022070298387367
227,5.482,2.4149202909431686,ok,22,9,71,8.461478326919684e-07,1.141270901482609,0.3030291008079775
228,4.583,3.9352619339884156,ok,23,18,36,1.130104058398131e-06,2.916952787734706,0.13768026202882222
229,10.84,6.814843151198915,ok,25,6,68,4.5368788021230136e-07,2.225308585485516,4.186095714793493
230,1.822,6.637326361641051,ok,13,16,31,1.1298230549372178e-06,6.035558093120615,0.1172951086057723
231,5.171,5.463616711752755,ok,18,16,68,5.418383361705371e-08,4.368982980380309,0.383616997280114
232,6.958,5.988096169063023,ok,12,16,101,1.5848780422717526e-07,2.2102283895243255,3.9595326921111846
233,5.993,2.958387049417647,ok,15,13,45,7.953482270102354e-06,0.6033714943845494,2.071928618891828
234,5.188,16.83358811099771,ok,21,19,57,3.529650534173272e-05,14.129871703258075,2.4899159933155097
235,16.494,4.446778498871426,ok,20,13,108,4.205928337253015e-05,2.3264503512239685,1.2022593546966758
236,4.814,5.448261984723358,ok,5,3,41,1.4028874522475394e-07,1.7413030343768199,3.412996398906527
237,1.645,6.125448208006602,ok,19,6,24,4.3286725316224294e-07,5.354352750787195,0.19265984660173485
238,11.3,2.761107872028162,ok,13,12,79,4.122894157893479e-07,1.0574359083713238,0.6950573287497237
239,4.646,4.434604538811578,ok,19,7,44,4.613237758346443e-07,3.541794279341489,0.16126815054152077
240,16.109,15.879417977959987,ok,28,11,108,1.0555484012237299e-05,13.992693320404488,1.8143290849755171
241,5.963,3.876155057436903,ok,21,12,53,4.599683206507115e-06,0.595584236984922,2.915093237220682
242,4.404,2.3339552273825994,ok,16,7,48,5.337389622749687e-08,0.8979235985417757,0.45225273058572846
243,6.442,12.985210940951394,ok,19,8,73,1.8659299329576896e-07,8.053023269559032,4.553974652549744
244,5.206,1.8265154532362404,ok,19,22,81,5.337389622749687e-08,0.7101187865970742,0.07666754617091964
245,4.323,8.600707768919928,ok,23,19,52,1.3183292539934695e-07,6.074582519442481,2.4281267453454993
246,7.652,5.243394765891801,ok,22,12,46,2.56371905577762e-07,1.3445075457797095,4.54458872060727
247,3.41,3.999447012704516,ok,18,7,44,3.8032246345694293e-07,0.40513283225052454,4.2327716123270145
248,4.307,3.29239647350614,ok,17,5,91,7.795316281172184e-05,0.8662951997452524,1.7167012086594957
249,10.461,6.982714649230715,ok,17,6,105,2.9117928477951113e-06,4.941249860616644,1.3585677840430042
250,1.764,15.818192609024806,ok,22,9,21,1.3354977421675505e-07,10.960080183598137,4.966930560143345
251,2.783,2.6979336276443058,ok,23,14,9,8.422358193494037e-08,0.4486083889586272,1.3695743531495186
252,3.894,5.752061953838492,ok,21,8,21,7.999469119979192e-08,2.1242586747992585,3.204583873220377
253,3.979,4.8639870069891336,ok,26,12,22,5.3558435121916025e-08,3.94274179498864,0.21039636930268646
254,2.569,2.6725814821231912,ok,12,20,31,2.5408001018081578e-08,0.8944033739697099,0.905095693032834
255,1.375,8.989728266865786,ok,20,18,13,1.6322613528911e-05,7.847746012773239,0.6509474655716025
256,5.469,2.0806615013725476,ok,20,19,72,5.892578241217974e-07,0.21572169108127515,1.0442020821139604
257,5.95,1.8713471875276053,ok,24,6,42,5.975073498141666e-07,0.3564223946352465,0.5409309744001938
258,1.207,12.457083736214912,ok,17,22,18,1.360402245943292e-08,7.581650174938153,4.495726442225082
259,7.354,6.157755586309414,ok,21,7,83,3.605817277810291e-06,4.064448118068293,1.6606659191372763
260,5.056,7.138260323769056,ok,20,15,55,2.3001064752009265e-06,3.4778942082427253,3.9897159462665
261,9.702,7.525799622098763,ok,20,26,115,1.3738272671203523e-08,6.871240345135957,0.1587488646992692
262,4.584,2.5895948145124645,ok,18,18,47,3.175420313423703e-05,1.0343035137449696,0.5239520509861015
263,10.571,7.467680635906401,ok,16,6,118,5.328222831097445e-07,4.35824112087694,3.3939084711842344
264,4.829,13.926027810906033,ok,25,10,58,4.737615486994436e-06,13.415049344179433,0.5889511410385375
265,7.538,5.525991869257174,ok,21,8,115,2.791278783765859e-06,2.9518520038769918,1.8394412129092517
266,9.846,2.182137224409315,ok,17,15,101,3.933868846107108e-07,0.5223296408870439,0.6576195005358734
267,16.191,1.7459493190583368,ok,21,8,99,2.0534491438622004e-08,0.36199168038830365,0.292136449749671
268,10.165,3.9351695908440485,ok,19,12,61,8.577570932959994e-08,0.21770621720269023,3.633040105906375
269,2.985,3.4538744936880486,ok,24,23,20,1.1172132666290838e-07,1.7042470074323388,1.0416345886402074
270,9.006,7.957265752447292,ok,19,22,62,1.1440755390596944e-05,6.053842061477214,2.0218734978541013
271,13.398,2.8420984253050787,ok,18,7,96,8.088036758117281e-07,0.4499593792670016,2.1035046059592917
272,4.804,5.017449670578854,ok,26,15,42,8.4831464485118e-06,4.305849656685597,0.05294388376706394
273,1.378,1.8642759846882602,ok,23,7,16,2.6734212521599217e-07,0.2346494296115118,0.6307735061298532
274,7.697,1.9517762698824443,ok,18,8,55,8.482867229877998e-07,0.3813474562637209,0.5697263472227176
275,6.101,10.186803105798099,ok,10,11,89,3.742612238247273e-05,8.623658823106592,1.062073662616076
276,8.452,8.440055927427688,ok,11,13,95,7.296721912845193e-08,6.802021936928503,1.1315214307561727
277,1.741,10.292526261232956,ok,21,18,26,5.9013611946528905e-08,9.164403223075086,0.9479774508834637
278,2.085,2.833532082607072,ok,28,17,22,1.5514396887840536e-08,0.20270463459273813,1.8143290849755171
279,1.462,3.1670235400180893,ok,25,21,13,1.270444889369748e-08,1.1458900457007353,1.0763509286823387
280,12.269,13.568153277069152,ok,23,8,121,2.8513812907782234e-06,11.884349299963533,1.4207563433680037
281,1.673,9.429086109948537,ok,17,17,22,0.00011101679836950582,6.020956744690414,2.8076229938657256
282,5.898,7.395326001032683,ok,22,8,86,3.102479253997133e-07,5.575904769246909,1.1758919443957767
283,4.741,4.470797599428454,ok,20,23,44,2.1433841497687321e-07,2.8385049621861054,0.8671142465068908
284,5.896,2.657904238927932,ok,16,13,82,1.2429870929468206e-08,0.3155342837765742,1.9498076602753982
285,2.125,10.486925320796283,ok,25,22,10,1.829134607767826e-08,9.9292437971984,0.383616997280114
286,5.615,4.760352725526726,ok,25,15,36,1.846462002700155e-07,1.888379872402397,2.381691467471831
287,8.466,3.001362995172353,ok,20,24,92,1.77331853242491e-07,0.6379309021192521,1.5979537387880272
288,9.059,2.4251739350749295,ok,22,13,65,6.764390369755257e-07,1.2771545483412323,0.15053074283844792
289,10.879,9.625261685204885,ok,16,11,63,2.1715529883553404e-07,9.156177911408566,0.18161536506253473
290,5.738,8.95120000082349,ok,12,18,44,1.5848780422717526e-07,4.6636362746914255,4.6023615030694405
291,1.904,4.835075634776956,ok,12,10,10,1.8125139830323255e-06,1.5952718962790495,2.4899159933155097
292,8.292,3.984257450141755,ok,27,21,69,2.736862201954945e-07,0.34923240600564753,3.1847880901039978
293,6.764,6.441828985574468,ok,20,12,68,5.746884071580083e-06,4.288514732033931,1.2294896676324052
294,6.284,3.3806415573503106,ok,20,19,57,5.653109165330329e-08,0.15206453605418435,2.8528070231230322
295,1.792,8.440946905086813,ok,21,8,25,1.1298230549372178e-06,6.035558093120615,1.847200552104441
296,4.862,4.335831785296825,ok,24,20,45,1.3788681715138662e-06,1.35394912056017,3.3555624918721794
297,5.885,3.128155397703923,ok,26,12,38,1.9259810344960934e-07,0.5072173319825533,2.206229382155887
298,8.936,3.2106345229678683,ok,8,17,91,7.459377126996059e-08,0.6367752102578352,1.9604094773005825
299,4.426,2.7421826259279345,ok,22,15,40,5.816907102018847e-07,1.7413030343768199,0.07179615401444339
300,3.067,9.23583524032805,ok,22,19,27,5.873976082447673e-07,7.150678977852213,2.4281267453454993
301,1.701,10.133250244080074,ok,19,12,24,4.3286725316224294e-07,8.306648438988724,1.7332021598159641
302,5.053,4.907791924855066,ok,17,10,33,0.00017015114401230846,1.1298856256307817,3.6199213262407564
303,5.598,3.517783339061434,ok,19,14,60,1.564055874005831e-08,0.7101187865970742,2.9311933601494724
304,3.882,2.7954178591134773,ok,22,12,45,2.7989606136065034e-07,0.5781619850231445,1.7701935511517284
305,4.123,2.6964625063396634,ok,16,18,36,1.130104058398131e-06,0.04845200527977145,2.08958842415719
306,6.792,4.056964906499116,ok,20,14,105,4.837859634930037e-06,3.0227118813616265,0.20193755230106802
307,6.837,7.539790870647619,ok,11,11,101,6.069347874023562e-08,5.056983790635485,1.9531621713933496
308,7.331,14.769088834227908,ok,22,16,58,8.461478326919684e-07,14.587268434142388,0.3413293292775048
309,6.114,2.72937079838344,ok,16,11,93,3.5738314175927e-08,1.1818441832411093,0.4719873795192959
310,2.45,3.7306507428487143,ok,19,17,23,1.1757235463018003e-06,2.0632816721270952,0.7185094535064045
311,5.967,1.828486668161187,ok,26,20,55,3.1932233161707724e-08,0.21450069606565147,0.5916203650156908
312,6.233,5.1192974124703685,ok,18,22,35,4.052672046109361e-05,3.0162523260906893,1.6752055797751217
313,6.341,9.975383047073606,ok,9,17,36,0.0027780327974738493,5.359111318633074,4.60514758026901
314,6.715,9.192045800491545,ok,21,7,83,5.609733936919667e-07,7.672625471484581,1.3283923275141862
315,7.258,7.633986826436928,ok,6,29,92,1.533155375553021e-07,6.490573719398249,0.6352662511900198
316,7.539,7.5688715473053945,ok,19,5,67,1.0780636398665884e-07,4.35824112087694,2.5127818637663752
317,7.626,1.9408663945622964,ok,13,6,107,0.0002608099085744248,0.3409568842026278,0.6124382998369449
318,7.665,2.7776391211733875,ok,25,14,110,1.8235181388855498e-07,0.4486083889586272,1.8080915445557932
319,1.638,2.57291546351393,ok,21,9,32,1.1550099654858503e-06,1.0343035137449696,0.5239520509861015
320,3.027,17.029757393308845,ok,26,20,17,1.8076281375679664e-05,14.152553034498586,3.866765567417148
321,2.992,2.9549996696457,ok,21,16,14,8.088036758117281e-07,0.14420147783134052,2.1035046059592917
322,5.887,14.34205992795364,ok,20,19,56,1.9627624201202335e-08,11.557006797030018,2.675533900003017
323,8.021,2.6883475889505495,ok,21,24,124,2.791278783765859e-06,0.09243995616998468,1.8189302579952855
324,14.155,8.908433691407767,ok,21,2,109,5.3558435121916025e-08,5.503025914293441,3.8041551500972526
325,3.316,3.5190038482741555,ok,14,13,15,2.6222783893114935e-06,1.2771545483412323,1.8206748131728658
326,6.56,5.721066511412027,ok,20,10,76,2.247881073721303e-06,5.06633642240378,0.03871141414608248
327,7.542,4.174770993219456,ok,17,20,68,0.0002703786039847848,2.3795155307737197,0.7665512400996581
328,2.001,13.084692993884532,ok,24,16,26,8.409937884776263e-07,11.758685708808505,1.6622385912381916
329,5.487,8.88620493473637,ok,16,22,49,1.4712891602115431e-08,7.581650174938153,0.7826319840064622
330,10.876,7.754356464066828,ok,25,10,120,4.737615486994436e-06,6.8687875079943135,0.39612214282244995
331,11.448,9.731863178268341,ok,19,20,62,8.551936657079155e-07,7.537975263856126,2.806377574281061
332,5.957,14.849487692236425,ok,29,15,35,1.1172132666290838e-07,11.531021900682038,4.387727712797365
333,7.935,4.058544774454428,ok,24,27,108,8.4831464485118e-06,2.66281799197309,0.5137881952441337
334,19.797,3.096933846464176,ok,18,30,116,1.6322613528911e-05,0.23546165514099648,3.6044660952604883
335,6.454,3.391231674597083,ok,25,21,55,4.135424805093128e-06,0.27340291356951063,2.956712948993209
336,11.124,4.622592570289733,ok,18,9,110,6.364899805363846e-07,1.5996800991192535,2.8567578285347266
337,9.552,9.632305758340019,ok,17,16,101,2.467213266346951e-07,7.280593427537914,1.7955144087232409
338,5.087,7.25077093593658,ok,16,17,48,7.222723920827811e-07,6.169840452349044,0.5003776148737233
339,12.544,7.567800554898706,ok,11,9,89,4.3222314465500286e-08,3.70118789595348,3.5781961803347966
340,5.727,3.7038961138044084,ok,18,15,61,5.337389622749687e-08,1.5567289226500778,1.076148904260224
341,4.83,8.912877556817905,ok,20,14,33,4.4653362582335766e-05,5.825897705758304,2.5160233503748195
342,11.168,7.2860872026473755,ok,19,12,61,9.534569523020192e-08,6.781402835855762,0.05906725955351888
343,4.944,4.037865501274882,ok,23,18,40,1.8768526467237036e-06,2.7907658733592298,0.41219193498660767
344,5.934,3.017278628842257,ok,22,21,63,1.7822427213025784e-07,1.4227433362851647,0.5180016972279642
345,10.881,3.0812582610145447,ok,11,15,49,1.5155796896971612e-07,0.4496217983283799,1.9242813124652676
346,5.991,1.9784846286925057,ok,14,17,57,7.459377126996059e-08,0.7051184445783019,0.21174873738207145
347,5.997,11.706317813448592,ok,21,14,58,1.6468094821436623e-08,9.042671201795262,2.381691467471831
348,1.757,11.25594499428751,ok,21,8,19,3.481400238402483e-08,8.382258523774823,2.7228604574441713
349,3.238,1.9411567677539658,ok,28,13,20,6.740907218553779e-08,0.4398282550931514,0.5770456245304447
350,10.419,4.447507669251278,ok,28,15,47,1.0555484012237299e-05,0.20270463459273813,4.999025720669008
351,5.676,7.660558856031293,ok,22,13,68,5.418383361705371e-08,6.790881399449099,0.383616997280114
352,1.375,1.8168661082478215,ok,24,17,10,1.694403765220851e-08,0.5781619850231445,0.19678441388104773
353,7.189,6.298744920700315,ok,19,19,101,8.09623769766854e-08,2.2102283895243255,4.952358361736283
354,7.449,4.976419880456133,ok,9,8,82,0.00014858550296972914,1.8748793080874728,3.7055352081484036
355,7.025,4.638347613408599,ok,22,9,71,3.8407562175790085e-06,2.442698629186421,1.5548186046102788
356,1.566,9.792336072579799,ok,29,7,14,2.08166694441648e-07,5.613967017761013,3.804008358780509
357,4.476,14.508138063894325,ok,22,26,40,3.2011668720234514e-07,14.088277423165277,0.6300522493523557
358,4.411,8.02310793726866,ok,21,5,40,2.963656970237688e-06,7.394886436567977,0.18120103765216244
359,4.454,1.951397220135683,ok,22,24,48,1.1013293749279676e-07,0.595584236984922,0.31609890468839064
360,11.504,2.592925582206984,ok,20,24,92,5.1108203061248084e-08,0.9096944914155802,0.6182724686427097
361,4.245,6.416463006540123,ok,29,7,49,2.377220104993127e-08,3.886473080731669,1.7204988201486826
362,5.75,10.232133103175382,ok,20,15,66,1.1298230549372178e-06,8.69974980678126,1.1873445361137285
363,10.981,8.722535733682701,ok,27,8,101,0.00011783764337660608,6.474776438909415,1.6611388203314192
364,4.62,4.954956759041393,ok,20,20,60,2.3031902462330811e-07,2.666975078478731,1.9269097934180435
365,1.522,7.557795528396667,ok,26,26,25,2.4647550770031375e-06,3.709866089973672,3.7915285675664663
366,1.656,4.9114216942910405,ok,20,7,14,3.0624106440226405e-06,1.1818441832411093,3.4148079677103245
367,11.915,11.544870459844196,ok,18,18,103,9.434581484101349e-07,11.535348581739719,0.004962036838776385
368,7.807,6.147709744317191,ok,18,6,99,2.568082250985932e-07,5.354352750787195,0.19265984660173485
369,2.27,10.317861290622657,ok,18,22,67,2.6672338276342124e-08,10.016340377978034,0.07666754617091964
370,1.358,9.81157336889157,ok,23,14,9,2.8637781813941422e-08,8.594899173798336,0.9689234846204657
371,1.937,4.46705044808966,ok,23,11,19,2.0534491438622004e-08,0.786325953099217,4.599383638376205
372,2.168,2.752402638820246,ok,21,10,8,4.838548586361761e-07,0.21572169108127515,1.8278663103763104
373,2.294,3.684886542987634,ok,22,22,10,1.2485957034582063e-07,0.9906555913957584,1.8189302579952855
374,4.722,2.014210643398596,ok,23,14,38,1.7892981901873368e-07,0.9843236802791298,0.03835399644894366
375,5.776,3.7299280545068165,ok,17,6,59,1.8075517623603183e-06,0.3409568842026278,3.7163912945859705
376,6.371,9.925745390518522,ok,23,16,81,5.3558435121916025e-08,9.39384121698447,0.21039636930268646
377,5.554,14.08946503564983,ok,30,21,50,2.247881073721303e-06,12.885272315561526,1.299039147144612
378,5.746,2.7648115352418268,ok,21,18,56,2.031875685996426e-08,0.25514612357395006,2.153751709828814
379,4.948,3.4228069517347546,ok,17,14,24,1.5472762016465387e-07,0.7583356430608461,3.050397200656223
380,2.179,8.703556000240265,ok,7,19,8,6.364899805363846e-07,7.454995483913539,0.7208695720806944
381,11.654,6.444146909410992,ok,17,12,49,1.2185066171192054e-07,3.052426508104669,2.77832036574393
382,7.029,1.4563393590459786,ok,25,20,63,3.449414298491956e-08,0.2506470283868074,0.14305071799617597
383,13.049,10.040532301718862,ok,24,12,70,5.975073498141666e-07,9.435857617827386,0.5409309744001938
384,13.899,3.557815500668117,ok,19,10,98,2.5865482746625463e-06,2.4775723107518024,0.19508881950091883
385,9.747,3.426141920543852,ok,18,7,87,2.995071878645419e-08,0.21920549937351375,4.614124822991857
386,14.82,12.69903979738395,ok,28,10,89,3.6124665528237926e-08,12.134781010067828,0.5124816459460639
387,7.99,3.96600782894946,ok,17,22,87,1.4712891602115431e-08,1.8910059961049175,1.1845755948335457
388,6.096,3.2809206575036525,ok,29,13,40,7.036690418740128e-07,1.3517118112425166,1.0959751724838047
389,2.243,2.381427732724992,ok,19,10,9,1.1343951345693755e-08,1.2771545483412323,0.15053074283844792
390,2.787,7.217410960680922,ok,20,13,31,1.8809963999126132e-05,5.865634382842035,0.905095693032834
391,6.201,6.236144297165615,ok,21,14,39,1.1918483267829144e-08,3.415718077736135,2.3425811385182542
392,5.099,10.741743531293736,ok,30,12,26,3.321217543500764e-07,8.094071025199888,3.633040105906375
393,8.662,4.921199661802011,ok,25,4,54,1.0337758862871685e-07,3.283592438869748,1.0301099984080393
394,4.515,5.09956379391801,ok,24,5,20,4.641104275458988e-08,1.7042470074323388,4.434931467534291
395,6.585,5.109685848057863,ok,19,22,41,5.544668956883762e-06,0.8188280838717672,4.708640349752371
396,16.101,4.068348801325238,ok,19,19,101,3.933868846107108e-07,0.5223296408870439,4.3909542203799665
397,2.553,5.168244747888474,ok,16,17,24,1.1319362218969858e-07,4.389293593535507,0.11581291439695995
398,12.779,7.986734060359523,ok,24,5,89,3.4342421189057655e-07,4.4545948318912885,3.1902822914130775
399,4.32,3.294600564964249,ok,21,18,14,4.6070344654710826e-08,0.5124307400408341,1.977889573480619
400,5.007,2.5366748533551653,ok,16,17,13,1.0052286416130283e-07,1.5436761393423728,0.039042000901908125
401,8.818,3.1742521109685273,ok,20,15,70,6.889350339506709e-05,0.5981874385855486,2.038355447585687
402,8.176,3.277194223555911,ok,28,18,40,2.1486070893672623e-07,1.1705378158587294,1.320098769475081
403,7.33,9.407614670102559,ok,18,17,48,1.2574857067165464e-07,8.63907251117685,0.45225273058572846
404,13.948,4.076150995290684,ok,18,30,49,1.6322613528911e-05,0.5656853078129966,3.6044660952604883
405,7.938,2.7148906080196675,ok,20,5,80,1.6468094821436623e-08,0.010062233540134358,2.381691467471831
406,14.04,4.1989244483856565,ok,18,26,46,8.4831464485118e-06,0.28171312518836356,4.9914758709095315
407,6.242,1.9767219517861399,ok,20,14,35,1.4914999169667327e-07,0.9096944914155802,0.06919959681768395
408,6.511,3.6395348894643593,ok,28,20,51,2.0200903835850227e-07,0.3070269637309604,3.37380416858257
409,7.598,2.3175510376218766,ok,16,11,76,2.1424305120005224e-08,0.4640432772550609,0.9626082046880087
410,9.252,3.659957862945192,ok,20,26,71,8.461478326919684e-07,0.673544554210193,2.383098190757242
411,6.254,5.414770313096094,ok,22,6,42,2.0931376888517285e-07,4.368982980380309,0.383616997280114
412,8.251,2.29708398902227,ok,12,16,101,1.5848780422717526e-07,0.3149110627718086,1.0134912547022474
413,2.797,4.162852863194217,ok,24,5,10,3.0386340018420666e-07,1.0027023323981172,2.4899159933155097
414,28.436,1.3081867713776847,ok,19,7,110,2.6734212521599217e-07,0.2346494296115118,0.016223035053953616
415,2.502,1.779432965320337,ok,22,13,32,4.211937398102019e-08,0.595584236984922,0.14388535542494907
416,9.144,4.633651231913633,ok,19,23,71,1.2473719342264668e-07,1.1814365047579374,3.4707170747982428
417,2.298,2.0664557880825467,ok,19,14,13,2.3331041807573757e-08,0.7101187865970742,0.30936154296858875
418,11.707,2.252357339859009,ok,13,11,90,3.4332490002750196e-06,0.2918538050296213,0.9202004498546188
419,7.613,11.978934147722915,ok,22,8,47,1.3535505459447154e-07,11.845954375132498,0.07179615401444339
420,14.635,3.5748181759365023,ok,19,12,79,1.5259403675879826e-07,0.41221006635663393,2.8528070231230322
421,7.461,5.765114448653538,ok,21,13,86,1.4153070647243496e-06,5.003304219019716,0.1172951086057723
422,7.216,4.89781944510003,ok,22,9,76,3.7925343227481314e-07,3.354606660715058,0.7796831957711625
423,12.467,4.294886189948019,ok,21,11,73,2.962851163969865e-08,0.39950082269152176,3.907223019422193
424,6.244,1.3259413665379018,ok,20,8,60,1.3852781995053203e-06,0.0008410147981692262,0.28447686834635855
425,5.419,8.120925405627453,ok,23,12,40,2.0794455861069748e-07,6.849057293925981,0.8040216401185185
426,1.896,2.6064322497214287,ok,23,4,11,6.758077298917444e-07,1.1818441832411093,0.4719873795192959
427,5.094,3.377642192688596,ok,25,5,35,0.0033825611706922876,1.7860650110177874,0.8156993811394146
428,5.424,2.233916963239115,ok,25,17,99,1.1223718588811231e-07,0.9550577037916863,0.25321615418040677
429,9.042,2.7151934109909632,ok,20,14,105,4.0430857037220945e-06,1.7794481954170092,0.020822006001575577
430,3.595,5.3041450868307,ok,23,11,9,8.422358193494037e-08,1.4507975032669433,3.718813371264451
431,4.199,2.8791401334121733,ok,20,10,15,5.1821112333233674e-08,0.5121509085934468,1.8861410885824261
432,5.497,2.6621532023071532,ok,23,22,33,7.82832079367582e-08,0.7426783542363564,0.9059011613496395
433,6.399,2.0134498716825506,ok,25,15,49,3.37147278009226e-07,0.9843236802791298,0.03835399644894366
434,8.362,1.7269859200432187,ok,17,7,118,0.002529839415940277,0.31939986202518256,0.42344406665110146
435,8.386,4.574819467932104,ok,26,11,123,1.4678732277123152e-07,3.1420264770785336,0.4985728290645439
436,3.117,6.6784892129613675,ok,20,3,22,3.418912691702391e-08,3.283592438869748,2.75823368049024
437,8.237,6.63846227994733,ok,20,5,76,2.0170987037170487e-07,6.0737657005320855,0.03871141414608248
438,8.833,8.186272228688416,ok,17,21,73,1.3742081471847205e-08,3.4797575560105916,4.92370803568337
439,2.202,2.3580855064658053,ok,27,20,14,3.8177581641321654e-07,0.4499593792670016,0.8913997594053156
440,13.867,4.1880184809366865,ok,16,8,99,1.9173003176711402e-06,1.628013820423888,2.242578536091159
441,13.952,15.130118244672676,ok,25,10,99,0.0002608099085744248,14.721154805518587,0.6124382998369449
442,15.186,2.4520094423180083,ok,21,27,54,9.432364743186472e-07,0.21572169108127515,2.034768912371278
443,2.548,4.162506239754813,ok,18,8,22,6.364899805363846e-07,1.5996800991192535,1.674376380664751
444,12.927,4.731120649910352,ok,20,5,53,1.811864964151118e-06,0.9178467301802113,3.761013579752041
445,6.654,16.495727258458526,ok,22,15,40,1.4712891602115431e-08,14.265981602162451,2.5251438569349967
446,13.153,3.5011795830441663,ok,26,8,73,8.482867229877998e-07,0.8780245374257056,1.709406610280575
447,12.346,4.192873262223744,ok,17,18,58,2.3535007857408798e-07,0.5739621748395196,4.362132714952093
448,2.723,3.420515916693519,ok,20,17,10,7.600536243401156e-07,1.6076462944352174,0.8734570390664087
449,8.35,4.1876317281571644,ok,15,18,100,2.781112856202317e-06,0.8874025464926003,2.511400646342639
450,8.913,8.521147365835505,ok,22,14,56,6.734820350236533e-07,7.966020297335446,0.16363878274045263
451,7.328,1.3129744603193068,ok,24,22,72,1.1771339374965827e-06,0.2346494296115118,0.016223035053953616
452,8.829,5.267431759218098,ok,24,14,124,2.4607028890856133e-07,0.9434020400863776,4.531376197946766
453,10.899,4.014012961160569,ok,19,14,63,0.00044523085970643724,3.025772456206867,0.14305071799617597
454,27.416,3.808146877894326,ok,19,10,98,3.920915825646678e-05,1.6753485398205754,1.2769868708222258
455,6.382,6.088934413970462,ok,18,10,86,1.270444889369748e-08,3.399675905780029,2.2627733097428395
456,8.405,3.420735119351336,ok,10,24,88,5.894022010466583e-08,0.9835794755356941,1.403673515368775
457,6.682,2.367264251425715,ok,12,11,44,1.6895201124515291e-06,0.4019458795421853,1.0311939138884996
458,10.695,3.1787787051427934,ok,17,15,61,6.515618085659235e-08,0.21770621720269023,2.245692685722325
459,6.046,5.927830408489894,ok,18,13,59,3.324032642475298e-05,4.676460774781944,0.5180016972279642
460,2.213,2.0289495389456778,ok,24,7,28,3.073136397171423e-08,0.8979235985417757,0.13517101312259605
461,10.353,11.966731468519841,ok,18,27,95,3.91940248247153e-05,11.455246506745912,0.3854791448416255
462,12.718,3.0845918390485974,ok,10,15,49,1.899926501507763e-07,0.4496217983283799,1.9242813124652676
463,8.309,5.977970728798518,ok,18,7,84,2.6294161614700786e-06,3.165889272785643,2.35399707467904
464,16.571,4.851202555930261,ok,11,7,124,2.6634664565769716e-06,2.66281799197309,1.4746917853057604
465,9.876,2.6219028448203647,ok,26,11,57,4.397443039596975e-08,0.6246928731709991,0.866294387193991
466,12.051,2.4896291676856888,ok,20,18,79,1.4914999169667327e-07,0.9096944914155802,0.5017009406507058
467,14.574,3.5035402670324562,ok,29,12,60,8.690878745236486e-08,0.8944033739697099,2.5815799442455893
468,3.456,9.588970366339561,ok,22,22,20,1.0316207123111696e-07,8.399106585550145,0.95712331969324
469,12.387,2.868220695936347,ok,29,11,71,5.8009398671906305e-05,0.045503153247079986,2.1150465753591026
470,8.362,3.79362785650295,ok,21,11,76,2.8218217121414924e-07,0.4640432772550609,4.476807714262925
471,7.338,2.044840665508217,ok,20,23,44,7.194476317230886e-07,0.551203149353312,0.49275161476848695
472,14.665,6.4345954524146185,ok,11,16,88,2.0951394035500547e-06,4.5761940965518235,1.0134912547022474
473,2.532,6.624557721685937,ok,22,15,17,3.317873592287572e-05,5.656247608274822,0.4348937553210557
474,4.553,3.341384974737016,ok,18,14,10,3.0386340018420666e-07,0.050838114936416545,2.884098937956261
475,2.76,1.332570240317113,ok,15,25,29,1.3852781995053203e-06,0.0008410147981692262,0.28447686834635855
476,2.178,2.2697702653365393,ok,23,20,24,3.0845842110281936e-07,1.1298856256307817,0.16126815054152077
477,16.338,14.077764526246087,ok,18,5,91,2.5047279400661217e-08,14.352390566239208,0.017664245268980583
478,10.869,8.008381582870635,ok,22,6,42,1.2460330098568655e-08,7.587479057086064,0.029787661964297385
479,5.315,2.8228669318544912,ok,25,11,34,2.513019925929675e-08,1.7860650110177874,0.14571903460441948
480,16.295,3.974083735028034,ok,20,20,112,1.6470650068986634e-06,0.7401858001792716,2.8528070231230322
481,5.012,3.1163249899191685,ok,29,13,56,1.0896014875225843e-06,1.1818441832411093,0.9962096468941146
482,5.59,12.951876988230833,ok,22,12,81,0.00294013465335234,12.639339262137302,0.25567190663016826
483,11.095,1.8117414296619476,ok,15,15,103,3.2963209143824e-07,0.3052899575296344,0.5770456245304447
484,29.474,3.532920904709378,ok,8,20,127,3.8113177074475225e-08,0.19741020557155498,3.2201963626320502
485,9.969,2.744225602737715,ok,21,15,47,0.00032544426679677937,0.214943927794085,1.801368598665053
486,3.542,2.069511633470239,ok,27,10,50,3.286837363784311e-08,0.595584236984922,0.4538493922224829
487,1.414,2.6899467052569683,ok,24,13,10,5.9207090871417485e-05,0.1698134643148821,1.6133665711451868
488,4.599,3.8673525739950962,ok,27,7,89,4.0824494695340015e-08,2.1370276247550306,0.8552587784164918
489,6.279,16.4134609131586,ok,17,5,91,2.0132727057520007e-08,14.739149871071167,1.7167012086594957
490,1.559,1.7494054635365803,ok,19,14,19,2.2424433373599013e-07,0.5011062257766463,0.19508881950091883
491,1.693,6.732523136063077,ok,24,12,8,1.5955330397353415e-08,5.10013900361858,0.905095693032834
492,4.568,1.648868919129874,ok,23,7,34,3.184964013781083e-07,0.6127803865738333,0.01299954336135034
493,2.506,4.674345685191364,ok,26,19,9,4.5404917032886306e-07,0.62646070132904,4.346746719065409
494,6.104,3.5952452099512495,ok,17,5,43,1.408507604146602e-08,0.31939986202518256,2.656839319106694
495,6.663,2.637709055932805,ok,20,21,59,0.00018114973929514417,0.3409568842026278,1.4294119836139896
496,7.45,7.990565488063007,ok,25,7,49,2.2626862758632948e-05,7.581624850767071,0.03835399644894366
497,7.491,2.6383469607570382,ok,13,14,86,5.143552985028214e-06,0.4486083889586272,1.3695743531495186
498,8.058,3.4712814078416314,ok,20,19,65,4.4416217694746315e-08,1.433630603077959,1.0364532179707613
499,8.404,4.315045344426665,ok,20,17,42,7.978418952953839e-08,2.0921070762249965,1.8861410885824261
500,1.894,3.5513264640929205,ok,17,9,9,1.1550099654858503e-06,1.0343035137449696,1.7402614349546708
501,1.719,9.757727206110241,ok,18,30,31,1.5723768320157682e-06,8.115768342458706,1.4692145937983265
502,5.285,2.4233339116686867,ok,19,9,71,6.764390369755257e-07,1.2771545483412323,0.15053074283844792
503,1.472,2.5987460821393937,ok,18,10,29,2.8338671381915407e-08,1.5996800991192535,0.08089324479042004
504,7.555,3.800775717175196,ok,16,6,54,1.8089258397900857e-07,0.4069107463410866,3.486917620438234
505,7.0,2.53667978856483,ok,20,14,102,3.449414298491956e-08,1.4298085071651965,0.14305071799617597
506,2.351,1.3086604144179796,ok,23,7,11,2.6734212521599217e-07,0.2346494296115118,0.016223035053953616
507,6.747,1.7553329278552343,ok,14,18,100,6.732076011461267e-07,0.3813474562637209,0.28987125081961995
508,10.284,2.3726589395322097,ok,23,16,124,5.20484601441849e-06,0.09243995616998468,1.588057063354277
509,1.365,2.813144641093524,ok,27,16,14,8.4831464485118e-06,0.94247139937392,0.886853006475314
510,7.639,1.6200208225496722,ok,23,18,62,2.3332240278174548e-07,0.30320549397590923,0.3243960904696923
511,4.496,15.199897722505908,ok,23,18,40,7.192408491325292e-07,14.29237075404204,1.0959751724838047
512,2.676,1.5049524084474173,ok,20,11,10,1.6895201124515291e-06,0.4019458795421853,0.05862656928534804
513,1.465,10.896134368957036,ok,16,12,13,1.270444889369748e-08,9.375198736740687,1.1086867986443054
514,3.93,3.174279667037145,ok,21,12,33,1.0408020326951158e-07,2.2095550119157394,0.06278057379854385
515,17.768,1.9612600360191603,ok,22,12,99,1.7929260762649224e-07,0.9511095376608711,0.014132249922028883
516,17.778,11.076986047956678,ok,19,8,123,2.7279921299411233e-08,9.024536037350046,1.4398759595451485
517,3.083,3.6412216781145075,ok,28,8,20,1.0555484012237299e-05,1.1936822097109951,2.3107985681231575
518,1.693,2.588772849581588,ok,20,13,25,1.906354835417661e-06,0.5972763662120819,1.0254241598598757
519,8.811,3.110950994918171,ok,21,21,87,1.4712891602115431e-08,2.175759612021394,0.036445934771502486
520,4.816,1.6225822579813194,ok,26,17,53,6.359602237549224e-06,0.10020620725169671,0.48875447807507344
521,1.593,1.8890056053165414,ok,20,19,15,5.993737828442137e-08,0.9096944914155802,0.0036689814282482303
522,4.592,12.632304554893857,ok,19,11,48,1.3170219183870882e-08,9.691955525508082,3.1596214071406203
523,4.673,11.47705460542713,ok,20,23,44,9.000625436276403e-08,10.758082198416577,0.6382079813493564
524,6.589,6.622302191598075,ok,13,18,89,1.72228063532166e-07,5.060712682247184,0.8609713371287713
525,5.727,2.875171778694032,ok,17,8,60,3.255941784976777e-06,0.21770621720269023,2.4773006658618013
526,6.28,15.11925715527999,ok,24,8,85,7.795316281172184e-05,13.729934169984755,1.7167012086594957
527,7.158,4.2730502930898515,ok,9,16,57,1.1771252629166718e-06,1.1305538864428168,2.305493773170552
528,6.701,2.157242286772955,ok,19,11,86,3.4332490002750196e-06,0.21916196928337772,0.9202004498546188
529,8.219,3.240547703938266,ok,22,11,54,1.1835573559300154e-08,1.141270901482609,1.4603131779674328
530,8.487,3.4071785415786198,ok,27,12,33,0.00011783764337660608,0.3445688178993995,2.8528070231230322
531,12.238,7.0888658707468934,ok,21,6,69,3.073136397171423e-08,6.468554870859107,0.13517101312259605
532,5.195,5.413810789703612,ok,23,13,42,6.889343710033342e-07,4.368982980380309,0.383616997280114
533,5.623,1.7684529773772708,ok,18,16,47,1.77879725829967e-07,0.218500887514681,0.45647591831407563
534,12.377,1.3158939263177296,ok,16,11,71,2.4231160384029325e-08,0.22376263163967014,0.02920800060755102
535,6.993,1.6323156891116108,ok,28,16,103,3.869274672976038e-08,0.3052899575296344,0.22202506311825232
536,12.116,1.8854831743903946,ok,22,11,80,1.6468094821436623e-08,0.4260182843364664,0.5521381823166656
537,6.031,2.2452913563009758,ok,24,11,35,2.1424305120005224e-08,0.4640432772550609,0.9626082046880087
538,5.987,1.2424130429093454,ok,20,19,40,0.0013399334382016206,0.12458236519688892,0.045099337563600184
539,5.163,1.8623355598563691,ok,28,19,54,7.669360653442361e-07,0.5008582627729314,0.36018462509260063
540,6.024,3.9166342319245357,ok,26,19,43,3.0386340018420666e-07,0.08390183195681722,3.7963470983169594
541,1.481,1.9293020807251067,ok,20,11,10,6.811336982859743e-08,0.7111132704458916,0.19678441388104773
542,4.677,11.396547014751132,ok,19,15,55,1.2499650309452097e-06,10.196868019070095,1.078493941252655
543,3.858,10.694644219832677,ok,19,22,34,5.090922131566863e-07,6.916547778007806,4.053807340738192
544,2.845,3.1899131022201144,ok,21,11,34,1.3475934827677248e-08,1.7860650110177874,0.5209287491750096
545,6.286,1.3696526907458164,ok,13,5,116,2.0950329853240012e-05,0.0008410147981692262,0.28447686834635855
546,7.656,4.1036865332769965,ok,19,14,67,3.510925086065421e-07,0.5005453718744919,4.122879351647223
547,1.17,2.5935339524014163,ok,12,14,9,2.087441639094315e-06,1.1818441832411093,0.4719873795192959
548,4.54,3.11265147941013,ok,21,16,74,5.9207090871417485e-05,0.1698134643148821,3.513732872445382
549,5.5,7.3869278895452055,ok,19,22,81,5.337389622749687e-08,5.481812387824106,1.1126824030717262
550,3.34,4.899019559541071,ok,19,28,23,0.0007465229367101813,4.06166093848898,0.10563451026206616
551,4.856,4.06792281351791,ok,22,8,41,0.007229850034405136,0.46954578069650754,3.7735008820569913
552,5.068,3.779547195585947,ok,18,13,56,2.501096355717792e-05,1.140967631651896,2.259247834168538
553,5.077,1.7053245087661366,ok,10,14,50,0.0032537817610968096,0.4486083889586272,0.21110086409388362
554,5.589,2.68374584896664,ok,20,20,76,4.799916042669993e-07,0.28581634351772145,1.8861410885824261
555,5.599,1.714553333464123,ok,15,7,62,0.001087425832519873,0.31939986202518256,0.42344406665110146
556,5.861,3.555173956540476,ok,25,24,40,0.00010114836955923857,0.7158297555037407,2.591702753704474
557,1.747,6.078487442691568,ok,23,16,21,2.3332240278174548e-07,5.356755893904091,0.12406769088239278
558,8.193,1.8312994137435974,ok,14,22,42,5.975073498141666e-07,0.3564223946352465,0.5409309744001938
559,2.06,4.274274264673788,ok,23,26,26,3.676236510143352e-06,0.8096616659781466,4.703435710486164
560,4.523,5.708362326679001,ok,17,28,42,0.0013982189659663543,4.95514191259922,0.15232411067650764
561,9.883,1.871734371260991,ok,16,7,107,5.843507490897751e-05,0.26791518007980475,0.6124382998369449
562,10.695,4.7807478505776695,ok,26,11,123,1.4678732277123152e-07,3.1420264770785336,0.67286411870112
563,1.381,1.2204078547286228,ok,20,23,16,1.57834217190121e-07,0.10936593380236648,0.036445934771502486
564,7.372,2.958593512338305,ok,18,16,124,3.5192903289711534e-07,0.05212863159212322,2.83441674230155
565,9.293,2.420478875546996,ok,20,20,41,3.879589268093237e-05,0.12430743077052142,1.3892964328660344
566,4.487,2.281705601314901,ok,11,23,34,9.857410323710389e-07,0.7825560776807929,0.5239520509861015
567,2.227,1.3216809397674651,ok,14,25,31,0.00015747618977736573,0.21770621720269023,0.04902652478353264
568,2.571,1.3967381402315846,ok,26,26,19,0.00032005213889836967,0.3099540895158093,0.02920800060755102
569,8.978,2.440758850839403,ok,16,5,68,0.002080720390307446,0.03268226799927909,1.4517899381188115
570,2.46,5.506609566183204,ok,13,27,49,2.060389775494509e-08,2.943061192324164,1.768508984205894
571,3.083,9.676685814829042,ok,21,9,115,0.0004781666326245287,5.874312126473096,3.44875814405016
572,2.728,6.818072424466866,ok,25,17,95,1.717595752551807e-05,4.352595730758907,2.0232205386863846
573,4.813,8.967516259218067,ok,24,20,121,0.0001801690241350756,7.484182497184184,0.9332263067945143
574,4.71,18.50896984515804,ok,14,6,87,0.00015321488006044215,14.122903968779209,4.256538031778522
575,6.126,7.583702897268628,ok,6,17,117,4.840857973927683e-05,7.1280232645748205,0.01299954336135034
576,3.058,16.677306982916345,ok,20,4,114,2.034295303691049e-05,13.604900015606948,4.586727400193247
577,2.464,16.096787756740458,ok,10,10,54,0.0011580918095909782,13.415049344179433,3.5580024830562476
578,2.671,13.091435258350675,ok,15,2,92,4.405703329727627e-08,12.40572261895475,0.6266723350981509
579,2.098,7.420871267280731,ok,9,27,30,6.548202913594575e-07,3.721803185644082,4.964622848156323
580,1.625,13.032129924766586,ok,22,22,36,0.0008347993509821335,9.911368073976792,2.8467340042847917
581,2.138,17.2408053860806,ok,12,3,71,8.68307464762629e-06,13.761500660505437,3.6265274710303115
582,3.13,15.21685472302598,ok,9,23,118,0.0002506140327587944,14.985057560356239,0.5412647425092727
583,1.698,10.631313986987232,ok,28,7,37,0.0005053522775915677,9.644225971156589,0.7412356125356374
584,1.625,4.868762340203699,ok,26,14,40,1.4818602816474777e-08,3.94274179498864,0.21039636930268646
585,2.845,15.12100483122326,ok,19,19,101,6.333718871903798e-06,11.377835599715233,3.861499596404294
586,1.581,6.678519718230716,ok,15,3,30,0.005775439114298959,4.9731397496224945,1.291149633030366
587,2.139,3.86335093256027,ok,5,18,76,2.8276356197913558e-08,1.530509558711195,1.5673433649637014
588,4.718,12.384093423565467,ok,30,19,90,5.307979329040737e-07,7.773275691951475,4.439994491412162
589,2.322,2.121515915181377,ok,14,13,56,3.934490977445787e-08,0.25514612357395006,1.0061703876445076
590,5.473,4.830469525049603,ok,17,7,100,0.0028918254442538236,1.8279277690223523,2.1035046059592917
591,4.264,17.6854835031517,ok,8,28,73,0.007685090464254687,12.859742855176409,4.7061226475650475
592,2.207,11.670966712602107,ok,24,26,75,2.820122037555e-06,11.089872787804937,0.48403311234303814
593,4.032,4.926084324095406,ok,11,21,126,0.0003902330562408449,0.8230361621338051,4.520644249125096
594,2.692,17.179025923588362,ok,12,28,104,1.8745659183014351e-07,14.408773412716911,2.936437423958067
595,1.006,15.54260571164439,ok,5,29,26,8.291956324161836e-07,13.102238236103567,2.658101313162777
596,2.901,14.186657042730422,ok,6,15,109,1.0256641890851342e-06,12.681522833430666,1.6282785201596375
597,1.742,13.989253977070684,ok,7,4,48,0.0032479345124417263,11.866399504533115,2.265543209199988
598,5.248,13.27982814335587,ok,11,12,92,7.542464631492685e-08,10.323612223017395,2.5549986705028482
599,4.183,5.766336287466243,ok,21,14,67,4.0812118849740093e-07,2.234874735391047,3.410693213548977
600,2.037,7.363355192055265,ok,16,26,62,0.0040717716671218075,3.3327245062131627,4.7537753341476705
601,1.766,14.992013338552528,ok,18,25,44,1.4160374204865254e-06,11.722501335454389,3.264759223283921
602,1.605,11.88290731191161,ok,24,22,33,4.70783935296202e-06,10.785021003809131,0.7771108608969386
603,0.992,5.633943186338204,ok,27,4,12,2.9265111081980554e-05,4.732424413085644,0.28053015360780753
604,2.338,11.363803015077565,ok,23,9,86,7.083757888968018e-05,8.928044805336885,2.3522079812664947
605,1.979,3.532036995081968,ok,6,22,58,7.987881189957717e-05,2.261306822227634,0.33720420106000004
606,1.016,10.689793223426456,ok,15,16,26,3.5395273789132076e-06,9.164403223075086,1.3863675342719817
607,4.06,8.801808235432842,ok,10,8,125,3.3298673333870585e-05,5.629697655435841,3.7917930245572666
608,5.878,4.071992011297317,ok,13,15,112,0.00010889698858356856,0.5760605607398848,3.6911326536887072
609,2.106,11.74176071934491,ok,29,5,70,0.0002952897746530393,9.493252638688112,1.9417398591513972
610,0.906,13.737779609770643,ok,3,6,18,6.074775735294423e-06,10.734038693540194,2.7414258549960477
611,3.375,12.118278244617683,ok,17,23,79,2.1143565700251444e-06,7.564485406928788,4.030015886784272
612,1.778,4.7745878193008,ok,26,24,15,0.009090286227092726,1.1481036422155109,3.9618870528922976
613,1.891,7.083626310188932,ok,8,28,57,5.3015024242761925e-05,4.007857296421683,2.219358819216132
614,0.912,11.755380146087163,ok,16,8,21,5.837840544428659e-08,6.830195016242934,4.846911202256786
615,1.906,4.31173892381414,ok,23,19,40,0.0013399334382016206,1.4914080082686398,2.4281267453454993
616,1.768,15.920996240410672,ok,28,10,50,1.331021985452986e-05,14.664673407904736,1.4796292615452542
617,1.379,4.057600764219394,ok,7,30,9,8.309947618712868e-08,0.0390046601106091,4.0904456220828145
618,4.496,13.325067292624865,ok,21,12,97,1.580114992048513e-07,8.501265395961553,4.34777452667257
619,3.341,13.685885676349777,ok,29,29,103,1.0856137434068843e-07,10.003864154132216,2.82487951571059
620,0.953,11.82330775213526,ok,3,24,23,1.707341092870029e-06,8.290407178523655,3.116091477055564
621,1.702,11.220403347393074,ok,4,11,45,3.598551478160823e-07,8.18148891971756,3.2077098078182384
622,3.212,7.077046101786701,ok,8,25,83,1.6532573074866482e-08,3.1928175866714863,4.247987673288545
623,2.117,13.333245201716347,ok,19,10,81,0.0023521206366425625,12.205650140164916,0.878558006929854
624,3.333,7.304546026775898,ok,22,16,65,0.0018603618313776965,6.591945783179813,0.16415915434683281
625,0.759,6.969700327907425,ok,26,21,16,1.1477990168621169e-08,5.354352750787195,1.0886298625238355
626,1.153,8.085883036077735,ok,29,18,11,1.2238661844198699e-05,6.012869687812497,1.7022589823855214
627,5.829,10.334394674452524,ok,18,13,123,2.909080553162321e-07,6.496412613527651,3.0473590502779557
628,1.895,6.705619596299671,ok,19,12,60,2.3031902462330811e-07,5.056983790635485,1.2060179104301625
629,2.686,5.246284788823223,ok,25,8,108,0.0006364068109076953,2.570233627421845,1.8919182465745978
630,2.658,2.841375607418349,ok,5,25,82,0.00011874461257434703,0.25514612357395006,2.6068254906230885
631,1.618,7.833112721414737,ok,21,9,39,0.0012307214583211898,5.874312126473096,1.4278854516015493
632,2.546,8.099704997439982,ok,10,24,95,6.0834874482464334e-05,6.779229019485589,0.7341358963852949
633,5.823,13.403057066157134,ok,15,20,121,5.340448100361774e-07,9.224253947289817,4.405858768631605
634,4.495,9.21058792243184,ok,14,23,62,1.2839240375050696e-07,5.481102879017629,4.793163573242523
635,3.094,6.28572976778424,ok,6,17,117,3.33680927695761e-07,2.3209160543054788,3.360503996257706
636,2.411,16.048961726619044,ok,20,4,64,1.2377782096549627e-07,13.604900015606948,3.56878058116218
637,2.434,11.909394013055481,ok,14,10,54,1.1575908660586925e-07,9.955067480439723,2.0451503057663745
638,3.307,11.588200662631799,ok,13,2,92,1.598364670380439e-08,10.461304008702598,0.8064962930051389
639,1.916,4.44716012620356,ok,11,27,52,8.662256747741338e-06,3.504116265748649,0.21046594818180964
640,4.789,13.222259095838483,ok,16,22,121,0.0014885578028512446,9.911368073976792,2.8467340042847917
641,1.754,16.900886777847532,ok,16,12,41,3.6209413164177673e-07,13.761500660505437,3.170028515498057
642,3.131,4.678072005095586,ok,9,23,118,3.758001947541172e-07,3.450805245471509,0.5412647425092727
643,6.13,14.656021716102721,ok,16,7,115,0.007050162240494617,10.828314418904025,3.2849192878224653
644,1.608,7.101266190350294,ok,25,27,40,5.17499229020453e-06,3.94274179498864,2.9706112901493285
645,2.575,11.884092754787869,ok,19,7,94,0.0028457393813758037,11.377835599715233,0.5047499026912863
646,3.019,6.362625439961751,ok,6,17,74,0.005775439114298959,3.581669401601513,2.978088119767959
647,2.598,6.20466402977232,ok,5,16,99,3.5713857259712586e-08,4.7716733042717925,0.8710660242579271
648,2.457,12.968340030958354,ok,3,21,92,1.9791806239121106e-05,11.20313574203734,1.6111938814695617
649,4.253,7.670428368413872,ok,4,7,88,1.46094919904851e-06,2.943061192324164,4.529455523938802
650,1.673,13.26354259914822,ok,16,19,45,1.0566762286231899e-07,12.47794669877133,0.9222418974423763
651,1.996,10.37697168860105,ok,11,6,73,6.289909615708981e-08,9.188454813289782,0.7965201030949016
652,2.77,4.045402509757722,ok,19,26,35,4.654102266632518e-06,1.9006976921326046,1.8376721114576573
653,1.616,7.84798358591129,ok,11,21,37,3.160246555961596e-08,7.224522698022935,0.14796073205933968
654,3.778,5.769587744301403,ok,24,17,104,1.289579532617739e-05,2.252535012255625,3.687168843607428
655,1.197,3.2752510483557056,ok,9,3,26,3.9185845530560866e-07,1.6621194326971054,0.8075451989448719
656,0.853,14.065539067484943,ok,27,18,24,1.0256641890851342e-06,12.681522833430666,1.6282785201596375
657,1.63,7.665019822168066,ok,23,19,48,0.0009129217258328264,7.0796411873665015,0.11466405634021015
658,2.727,12.381405751700429,ok,23,10,37,7.542464631492685e-08,10.323612223017395,2.3729018727897366
659,3.067,9.082430408204763,ok,21,14,52,4.0812118849740093e-07,6.67004118553905,2.430219759584487
660,1.76,3.3532319947542897,ok,28,26,49,0.0040717716671218075,1.6974828087695464,0.7051963903439848
661,1.878,11.244447647579133,ok,18,4,59,1.4160374204865254e-06,7.2803847473983065,3.264759223283921
662,2.739,3.157965357213561,ok,24,22,60,8.544653541399833e-05,0.6091746707168113,2.3265961649990836
663,1.521,10.375000872470364,ok,9,12,33,2.9265111081980554e-05,6.392198039704677,3.6512307354507296
664,0.84,8.67786164596588,ok,21,9,17,7.083757888968018e-05,8.038728266159797,0.3021286365394058
665,2.331,5.648366179665325,ok,16,22,58,5.3870613354543896e-05,2.261306822227634,3.326460509890276
666,3.971,3.50475933827252,ok,13,28,105,3.5395273789132076e-06,1.774604085892566,0.6869745795723201
667,1.224,9.357642034020754,ok,13,10,26,1.6687140310990575e-06,5.622053516726945,3.7917930245572666
668,4.016,4.718046574003668,ok,7,27,71,0.00029864842708887207,1.6082670708360842,2.7466123970158702
669,5.303,2.7679726757079717,ok,9,7,123,1.1302635199853346e-08,1.2330123303810208,0.5047499026912863
670,3.258,4.906017480631591,ok,3,6,54,6.074775735294423e-06,2.1089708592163996,2.7227053915756194
671,2.674,8.942682805639611,ok,15,20,84,4.8228899432076594e-08,4.700218763777147,4.030015886784272
672,2.953,4.649129890260243,ok,13,16,123,4.431112063215759e-05,0.6407998086510629,4.379344443348181
673,2.479,3.1794628340100486,ok,18,2,68,5.3015024242761925e-05,0.7700569791344734,1.25178383820655
674,1.751,11.294734146201586,ok,16,24,44,3.5391054567049966e-06,10.351448373567651,0.7605569370824652
675,2.154,4.322668446434869,ok,17,14,40,0.004594196397414639,1.4914080082686398,2.4281267453454993
676,2.05,17.617037104420454,ok,28,10,57,2.423506411468562e-05,14.664673407904736,2.768889595972759
677,2.55,7.059400786896665,ok,7,30,54,8.309947618712868e-08,5.467239716806148,1.363424959362508
678,5.278,8.885657369378078,ok,28,7,97,1.580114992048513e-07,4.282476907358946,4.34777452667257
679,3.474,12.57648889382047,ok,29,24,114,3.182785660511289e-07,10.003864154132216,3.1243704980349944
680,2.914,13.995216197095381,ok,16,23,123,3.502797071276664e-07,9.460507067381776,3.7235763404748763
681,1.878,10.796887073212279,ok,10,30,59,1.1218108945138056e-08,8.18148891971756,2.280521638325841
682,2.383,6.40885588994794,ok,8,24,58,2.9268641212581758e-08,3.1928175866714863,3.1008225500690605
683,4.044,8.403503061525864,ok,22,10,81,0.00443327707623776,6.904701329561194,0.8202273247595278
684,1.121,3.2769482574840585,ok,11,8,19,0.00012178968888629098,0.3642578916987578,3.037942227722841
685,2.574,13.941827904869974,ok,22,8,99,1.4685331291366802e-07,12.718918256450227,1.0886298625238355
686,1.549,5.341148540793187,ok,29,24,11,1.080579656794055e-07,3.165700387007484,1.7022589823855214
687,1.978,9.90451735541934,ok,8,17,70,8.948365405854882e-07,6.496412613527651,3.0473590502779557
688,2.501,4.2403189984578935,ok,17,8,92,2.3031902462330811e-07,1.5664982255096094,1.921104471391878
689,2.714,3.996596670720682,ok,25,15,108,2.545513631125401e-08,1.319767577302665,1.8919182465745978
690,1.034,4.149564566716522,ok,19,24,27,3.652551886270838e-08,3.2956018558710056,0.10260407364662605
691,1.744,3.00980837018068,ok,20,13,47,5.4877643529210574e-08,0.6268498941964973,1.4278854516015493
692,1.705,6.782636267527434,ok,22,10,46,6.985810749327049e-06,5.395237513999629,0.8611307268185238
693,3.963,3.9635785681456914,ok,9,4,80,0.00031960818678486024,2.1064517078743714,1.384916865577157
694,1.989,15.230453005841902,ok,20,19,68,1.3412458746953693e-08,13.698490206321845,1.3457782771903648
695,1.864,8.156579320392911,ok,16,17,60,1.5684234738012886e-07,5.009291446949721,3.360503996257706
696,2.812,4.615840786979312,ok,18,13,59,1.2377782096549627e-07,2.093983010397001,1.5639388905564868
697,2.968,11.01729610189055,ok,14,21,62,2.2372971523893844e-07,9.955067480439723,1.1569031818842401
698,2.02,3.5747938634861063,ok,21,9,27,1.598364670380439e-08,1.0994933371567965,2.15491950960411
699,1.919,5.073909979892442,ok,18,27,53,2.903853914739441e-06,2.4500497213358585,1.7726776549152479
700,1.648,8.502889540276044,ok,20,22,36,1.8696824938314537e-08,7.282676702781007,0.6646271971957562
701,1.781,6.723206103794158,ok,16,12,41,4.1581554463178726e-05,4.992796097241142,1.0364777526130764
702,0.929,3.192219056780376,ok,9,16,21,3.758001947541172e-07,0.726488156190543,1.5860278695000198
703,2.496,2.4370131803595503,ok,8,3,80,2.7656342230702584e-07,0.18343806063035561,1.671824398516767
704,1.542,4.886789060774303,ok,8,16,40,1.1620022123698303e-07,3.94274179498864,0.21039636930268646
705,1.795,12.23312235162936,ok,20,8,53,5.15845422272072e-06,11.377835599715233,0.7049826627872497
706,2.031,11.448472439296662,ok,16,17,74,2.8454343139803213e-08,10.177367529758719,1.2290038043057472
707,1.955,15.64454665420079,ok,14,14,27,2.8276356197913558e-08,14.369187898892063,2.2332463899937682
708,1.875,4.951437367333306,ok,17,18,60,0.004183764036148484,2.7968636049614757,1.7321767386252578
709,0.839,4.507883601718479,ok,19,19,14,0.0006236599084550491,2.943061192324164,0.7460058612182667
710,3.837,4.33353372233929,ok,13,10,100,0.0028918254442538236,1.9977318850128514,1.306665089426919
